{
    "metrics": [
        [
            "Accuracy",
            0.683
        ],
        [
            "Precsion",
            0.6718749895749081
        ],
        [
            "Recall",
            0.6710077384488052
        ],
        [
            "F1 Score",
            0.6435305045383987
        ]
    ],
    "times": [
        [
            "Inference",
            0.31215548515319824
        ]
    ],
    "acc_data": [
        [
            0
        ],
        [
            0.5177000164985657
        ],
        [
            0.6830000281333923
        ]
    ],
    "loss_data": [
        [
            0
        ],
        [
            2.10315821574529
        ],
        [
            1.0398794535636902
        ]
    ],
    "con_mat_data": [
        [
            "0",
            "1",
            "2",
            "3",
            "4",
            "5",
            "6",
            "7",
            "8",
            "9"
        ],
        [
            [
                866,
                0,
                3,
                1,
                1,
                3,
                2,
                0,
                0,
                2
            ],
            [
                0,
                1088,
                1,
                0,
                0,
                1,
                2,
                7,
                4,
                8
            ],
            [
                0,
                3,
                807,
                20,
                4,
                1,
                11,
                20,
                6,
                1
            ],
            [
                81,
                30,
                181,
                962,
                59,
                812,
                49,
                78,
                947,
                130
            ],
            [
                1,
                0,
                3,
                0,
                802,
                5,
                10,
                7,
                1,
                251
            ],
            [
                6,
                2,
                5,
                4,
                9,
                14,
                11,
                7,
                2,
                14
            ],
            [
                10,
                2,
                13,
                3,
                21,
                16,
                872,
                0,
                6,
                4
            ],
            [
                2,
                0,
                9,
                14,
                2,
                7,
                0,
                852,
                3,
                31
            ],
            [
                14,
                8,
                8,
                1,
                0,
                4,
                1,
                6,
                0,
                1
            ],
            [
                0,
                2,
                2,
                5,
                84,
                29,
                0,
                51,
                5,
                567
            ]
        ]
    ],
    "boxplot_data": [
        [
            "Accuracy",
            "Precsion",
            "Recall",
            "F1 Score"
        ],
        [
            [
                0.683
            ],
            [
                0.6718749895749081
            ],
            [
                0.6710077384488052
            ],
            [
                0.6435305045383987
            ]
        ]
    ],
    "report_name": "default"
}